
{
    "content": [
      {
        "id": 63477948,
        "conversationID": 3805362,
        "isAgent": false,
        "userID": 2506693,
        "messageDate": "2021-07-26-21-53-53",
        "type": "CONNECT",
        "payload": "Selam",
        "uniqueID": "---+++"
      },
      {
        "id": 63477861,
        "conversationID": 3805362,
        "isAgent": true,
        "userID": 134,
        "messageDate": "2021-07-26-21-53-06",
        "type": "TEXT",
        "payload": "Size nasıl yardımcı olabilirim? 💙"
      },
      {
        "id": 63477860,
        "conversationID": 3805362,
        "isAgent": false,
        "userID": 134,
        "messageDate": "2021-07-26-21-53-06",
        "type": "TEXT",
        "payload": "Akademik takvimi göster."
      },
      {
        "id": 63477859,
        "conversationID": 3805362,
        "isAgent": true,
        "userID": 134,
        "messageDate": "2021-07-26-21-53-06",
        "type": "TEXT",
        "payload": "Aşağıdaki linkten akademik takvime ulaşabilirsiniz."
      }
    ]
  }
  